{
  "format_version": "1.12.0",
  "minecraft:geometry": [
    {
      "description": {
        "identifier": "geometry.ogr",
        "texture_width": 128,
        "texture_height": 128,
        "visible_bounds_width": 3.5,
        "visible_bounds_height": 3.2,
        "visible_bounds_offset": [
          0,
          1.6,
          0
        ]
      },
      "bones": [
        {
          "name": "root",
          "pivot": [
            0,
            0,
            0
          ],
          "cubes": [
            {
              "origin": [
                -6,
                0,
                -6
              ],
              "size": [
                12,
                16,
                12
              ],
              "uv": [
                0,
                0
              ]
            }
          ]
        }
      ]
    }
  ]
}